"","GenderSelect","Age","EmploymentStatus","FormalEducation","EmployerIndustry","LanguageRecommendationSelect","MajorSelect"
"1","Male",26,"Employed full-time","Master's degree","Financial","Python","Computer Science"
"2","Male",29,"Employed full-time","Master's degree","Pharmaceutical","Python","Computer Science"
"3","Male",24,"Employed full-time","Bachelor's degree","Hospitality/Entertainment/Sports","Python","Computer Science"
"4","Male",50,"Employed full-time","Doctoral degree","Insurance","R","Mathematics or statistics"
"5","Male",25,"Employed full-time","Master's degree","Academic","Python","Computer Science"
"6","Male",32,"Employed full-time","Master's degree","Academic","Python","Computer Science"
"7","Male",26,"Employed full-time","Master's degree","Government","R","A health science"
"8","Male",23,"Employed full-time","Master's degree","Technology","Python","Computer Science"
"9","Male",29,"Employed full-time","Doctoral degree","Academic","R","Mathematics or statistics"
"10","Female",28,"Employed full-time","Master's degree","Other","R","Mathematics or statistics"
"11","Male",26,"Employed full-time","Bachelor's degree","CRM/Marketing","Python","Mathematics or statistics"
"12","Male",52,"Employed full-time","Bachelor's degree","Academic","Python","Computer Science"
"13","Male",32,"Employed full-time","Doctoral degree","Mix of fields","R","Computer Science"
"14","Male",27,"Employed full-time","Bachelor's degree","Other","Python","Mathematics or statistics"
"15","Female",25,"Employed full-time","Master's degree","Academic","Python","Mathematics or statistics"
"16","Male",29,"Employed full-time","Bachelor's degree","Financial","Python","Computer Science"
"17","Male",32,"Employed full-time","Master's degree","Other","Matlab","Mathematics or statistics"
"18","Male",35,"Employed full-time","Bachelor's degree","Insurance","Python","Computer Science"
"19","Male",31,"Employed full-time","Master's degree","Academic","Python","Computer Science"
"20","Male",22,"Employed full-time","Master's degree","Financial","Python","Mathematics or statistics"
"21","Male",29,"Employed full-time","Doctoral degree","Academic","Python","Computer Science"
"22","Male",47,"Employed full-time","Bachelor's degree","Technology","Python","Computer Science"
"23","Male",39,"Employed full-time","Bachelor's degree","Hospitality/Entertainment/Sports","R","Mathematics or statistics"
"24","Female",22,"Employed full-time","Bachelor's degree","Government","Python","Computer Science"
"25","Male",40,"Employed full-time","Doctoral degree","Technology","Python","Computer Science"
"26","Male",25,"Employed full-time","Bachelor's degree","Technology","Python","Computer Science"
"27","Male",40,"Employed full-time","Master's degree","Academic","R","Mathematics or statistics"
"28","Male",34,"Employed part-time","Doctoral degree","Academic","R","Computer Science"
"29","Male",23,"Employed full-time","Bachelor's degree","Mix of fields","Python","Computer Science"
"30","Male",28,"Employed full-time","Master's degree","Pharmaceutical","R","A health science"
"31","Male",28,"Employed full-time","Bachelor's degree","Technology","Python","Computer Science"
"32","Male",26,"Employed full-time","Bachelor's degree","Technology","Python","Computer Science"
"33","Male",30,"Employed full-time","Doctoral degree","Technology","Python","Mathematics or statistics"
"34","Male",49,"Employed full-time","Doctoral degree","Academic","Python","A health science"
"35","Male",33,"Employed full-time","Master's degree","Financial","Python","A health science"
"36","Male",60,"Employed full-time","Doctoral degree","Academic","R","Computer Science"
"37","Female",24,"Employed full-time","Bachelor's degree","Technology","Python","Mathematics or statistics"
"38","Male",29,"Employed full-time","Master's degree","Financial","R","Mathematics or statistics"
"39","Male",23,"Employed full-time","Bachelor's degree","Insurance","Python","Mathematics or statistics"
"40","Male",25,"Employed full-time","Master's degree","Technology","Python","Computer Science"
"41","Male",37,"Employed full-time","Doctoral degree","Financial","Python","Mathematics or statistics"
"42","Male",29,"Employed full-time","Master's degree","Government","Python","Mathematics or statistics"
"43","Male",25,"Employed full-time","Master's degree","Academic","Matlab","Computer Science"
"44","Male",31,"Employed full-time","Master's degree","Government","R","Mathematics or statistics"
"45","Male",31,"Employed full-time","Master's degree","Retail","Python","Computer Science"
"46","Male",31,"Employed full-time","Master's degree","Academic","Python","Computer Science"
"47","Male",26,"Employed full-time","Master's degree","Government","Python","Computer Science"
"48","Male",24,"Employed full-time","Some college/university study without earning a bachelor's degree","Retail","R","Computer Science"
"49","Male",30,"Employed full-time","Master's degree","Academic","Python","Computer Science"
"50","Male",32,"Employed full-time","Master's degree","Other","Python","Computer Science"
"51","Female",38,"Employed full-time","Master's degree","Government","SAS","Computer Science"
"52","Male",25,"Employed part-time","Master's degree","Financial","R","Mathematics or statistics"
"53","Male",45,"Employed full-time","Master's degree","Other","R","Mathematics or statistics"
"54","Male",44,"Employed full-time","Master's degree","Telecommunications","Python","Mathematics or statistics"
"55","Male",23,"Employed full-time","Bachelor's degree","Other","Python","Mathematics or statistics"
"56","Male",37,"Employed full-time","Bachelor's degree","CRM/Marketing","Python","Computer Science"
"57","Male",39,"Employed full-time","Bachelor's degree","Financial","R","Computer Science"
"58","Male",25,"Employed full-time","Master's degree","Academic","R","Mathematics or statistics"
"59","Male",33,"Employed full-time","Bachelor's degree","Pharmaceutical","Python","Computer Science"
"60","Male",49,"Employed full-time","Doctoral degree","Other","R","A health science"
"61","Male",35,"Employed full-time","Bachelor's degree","Internet-based","Python","Computer Science"
"62","Male",35,"Employed full-time","Bachelor's degree","Technology","Python","Computer Science"
"63","Male",34,"Employed full-time","Master's degree","Government","R","Computer Science"
"64","Male",22,"Employed full-time","Bachelor's degree","Technology","Python","Computer Science"
"65","Female",32,"Employed full-time","Doctoral degree","Technology","Python","Computer Science"
"66","Male",25,"Employed full-time","Master's degree","Technology","R","Computer Science"
"67","Female",25,"Employed part-time","Master's degree","Mix of fields","Python","Mathematics or statistics"
"68","Male",23,"Employed part-time","Bachelor's degree","Mix of fields","R","Mathematics or statistics"
"69","Male",40,"Employed full-time","Master's degree","Telecommunications","Python","Mathematics or statistics"
"70","Male",29,"Employed full-time","Doctoral degree","Technology","Python","Mathematics or statistics"
"71","Female",20,"Employed full-time","Some college/university study without earning a bachelor's degree","Technology","Python","Computer Science"
"72","Male",25,"Employed full-time","Master's degree","Financial","R","Mathematics or statistics"
"73","Male",21,"Employed full-time","Bachelor's degree","Technology","Python","Computer Science"
"74","Male",40,"Employed full-time","Bachelor's degree","Technology","Python","Computer Science"
"75","Male",38,"Employed full-time","Bachelor's degree","Internet-based","Python","Computer Science"
"76","Male",39,"Employed full-time","Master's degree","Academic","R","Computer Science"
"77","Male",23,"Employed full-time","Master's degree","Financial","Python","Computer Science"
"78","Male",34,"Employed full-time","Doctoral degree","Government","Python","Computer Science"
"79","Male",0,"Employed full-time","Doctoral degree","Other","Python","Mathematics or statistics"
"80","Male",27,"Employed full-time","Master's degree","Financial","Python","Computer Science"
"81","Male",36,"Employed full-time","Bachelor's degree","Technology","R","Computer Science"
"82","Male",29,"Employed full-time","Master's degree","Academic","Python","Computer Science"
"83","Female",28,"Employed full-time","Master's degree","Technology","R","Mathematics or statistics"
"84","Male",27,"Employed full-time","Master's degree","Other","Python","Computer Science"
"85","Male",43,"Employed full-time","Master's degree","Retail","R","Mathematics or statistics"
"86","Male",25,"Employed full-time","Bachelor's degree","CRM/Marketing","Python","Computer Science"
"87","Male",44,"Employed full-time","Bachelor's degree","Government","R","Mathematics or statistics"
"88","Male",39,"Employed full-time","Master's degree","Technology","R","Mathematics or statistics"
"89","Male",30,"Employed full-time","Master's degree","Mix of fields","Python","Computer Science"
"90","Male",29,"Employed full-time","Master's degree","Technology","Python","Mathematics or statistics"
"91","Male",27,"Employed full-time","Master's degree","Technology","Python","Computer Science"
"92","Female",23,"Employed full-time","Bachelor's degree","Mix of fields","R","Computer Science"
"93","Male",26,"Employed full-time","Master's degree","Telecommunications","Python","Mathematics or statistics"
"94","Male",28,"Employed full-time","Master's degree","Non-profit","R","Computer Science"
"95","Male",37,"Employed full-time","Bachelor's degree","Other","Python","Computer Science"
"96","Female",28,"Employed full-time","Master's degree","Mix of fields","Python","Mathematics or statistics"
"97","Male",34,"Employed full-time","Master's degree","Academic","R","A health science"
"98","Female",33,"Employed full-time","Master's degree","Academic","R","Computer Science"
"99","Female",26,"Employed full-time","Master's degree","Government","Python","Computer Science"
"100","Male",25,"Employed full-time","Bachelor's degree","Retail","Python","Computer Science"
"101","Male",26,"Employed full-time","Some college/university study without earning a bachelor's degree","Internet-based","Python","Computer Science"
"102","Male",44,"Employed full-time","Doctoral degree","Academic","Python","Computer Science"
"103","Male",25,"Employed full-time","Master's degree","Technology","Python","Mathematics or statistics"
"104","Male",26,"Employed full-time","Master's degree","Technology","Python","Computer Science"
"105","Male",48,"Employed full-time","Doctoral degree","Technology","Python","Computer Science"
"106","Male",32,"Employed full-time","Master's degree","Academic","Python","Computer Science"
"107","Male",30,"Employed full-time","Master's degree","Technology","Python","Computer Science"
"108","Male",28,"Employed full-time","Master's degree","Technology","Python","Computer Science"
"109","Male",42,"Employed full-time","Doctoral degree","Academic","Python","Computer Science"
"110","Male",35,"Employed full-time","Master's degree","Academic","Python","Computer Science"
"111","Male",28,"Employed full-time","Master's degree","Academic","Python","Computer Science"
"112","Male",23,"Employed full-time","Bachelor's degree","Technology","R","Mathematics or statistics"
"113","Male",46,"Employed full-time","Bachelor's degree","Technology","Python","Computer Science"
"114","Male",27,"Employed full-time","Master's degree","Mix of fields","Python","Computer Science"
"115","Male",22,"Employed full-time","Bachelor's degree","Mix of fields","R","Computer Science"
"116","Male",23,"Employed full-time","Bachelor's degree","Technology","Python","Computer Science"
"117","Female",30,"Employed full-time","Bachelor's degree","Technology","Python","Computer Science"
"118","Male",41,"Employed full-time","Doctoral degree","Academic","Python","Mathematics or statistics"
"119","Male",35,"Employed full-time","Master's degree","Other","R","Computer Science"
"120","Male",35,"Employed full-time","Master's degree","Internet-based","Python","Computer Science"
"121","Male",36,"Employed full-time","Bachelor's degree","Technology","Python","Computer Science"
"122","Male",27,"Employed full-time","Master's degree","Manufacturing","Python","Computer Science"
"123","Female",26,"Employed full-time","Master's degree","Mix of fields","Python","Computer Science"
"124","Female",54,"Employed full-time","Master's degree","Technology","R","Mathematics or statistics"
"125","Female",30,"Employed full-time","Doctoral degree","Internet-based","Python","Mathematics or statistics"
"126","Female",34,"Employed full-time","Bachelor's degree","Retail","R","Computer Science"
"127","Female",29,"Employed full-time","Master's degree","Financial","R","Mathematics or statistics"
"128","Male",28,"Employed full-time","Master's degree","Retail","R","Computer Science"
"129","Male",24,"Employed full-time","Master's degree","Mix of fields","Python","Computer Science"
"130","Male",26,"Employed full-time","Master's degree","Government","Python","Computer Science"
"131","Male",28,"Employed full-time","Master's degree","Insurance","R","Mathematics or statistics"
"132","Male",21,"Employed full-time","Bachelor's degree","Technology","Python","Computer Science"
"133","Male",33,"Employed full-time","Master's degree","Internet-based","Python","Computer Science"
"134","Male",24,"Employed full-time","Master's degree","Academic","Python","Computer Science"
"135","Male",35,"Employed full-time","Master's degree","Financial","Python","Mathematics or statistics"
"136","Male",27,"Employed full-time","Bachelor's degree","Internet-based","Python","Computer Science"
"137","Male",26,"Employed full-time","Bachelor's degree","Technology","Python","Computer Science"
"138","Male",33,"Employed full-time","Bachelor's degree","Academic","R","Computer Science"
"139","Male",56,"Employed part-time","Some college/university study without earning a bachelor's degree","Other","Python","Computer Science"
"140","Male",22,"Employed full-time","Bachelor's degree","Academic","Python","Computer Science"
"141","Male",39,"Employed full-time","Some college/university study without earning a bachelor's degree","Hospitality/Entertainment/Sports","Python","Computer Science"
"142","Male",21,"Employed part-time","Bachelor's degree","Mix of fields","Python","Computer Science"
"143","Male",28,"Employed full-time","Master's degree","Other","Python","Computer Science"
"144","Male",32,"Employed full-time","Bachelor's degree","Technology","Python","Computer Science"
"145","Male",24,"Employed part-time","Master's degree","Academic","Python","Computer Science"
"146","Male",22,"Employed full-time","Some college/university study without earning a bachelor's degree","CRM/Marketing","Python","Computer Science"
"147","Male",31,"Employed full-time","Master's degree","Financial","Python","Mathematics or statistics"
"148","Male",24,"Employed full-time","Bachelor's degree","Other","R","Mathematics or statistics"
"149","Male",49,"Employed full-time","Master's degree","Technology","Python","Computer Science"
"150","Male",32,"Employed full-time","Master's degree","Academic","Python","Computer Science"
"151","Male",27,"Employed full-time","Bachelor's degree","Internet-based","Python","Computer Science"
"152","Male",26,"Employed full-time","Bachelor's degree","Technology","Python","Computer Science"
"153","Female",28,"Employed full-time","Master's degree","Mix of fields","Python","Computer Science"
"154","Male",30,"Employed full-time","Bachelor's degree","Government","Python","Mathematics or statistics"
"155","Male",22,"Employed full-time","Bachelor's degree","Financial","R","Computer Science"
"156","Male",26,"Employed full-time","Bachelor's degree","Technology","Python","Computer Science"
"157","Male",27,"Employed full-time","Bachelor's degree","Other","Python","Computer Science"
"158","Male",29,"Employed full-time","Master's degree","Telecommunications","R","Computer Science"
"159","Female",25,"Employed full-time","Bachelor's degree","Financial","Python","Mathematics or statistics"
"160","Male",33,"Employed full-time","Master's degree","Internet-based","Python","Computer Science"
"161","Female",27,"Employed full-time","Master's degree","Financial","R","Mathematics or statistics"
"162","Male",35,"Employed full-time","Master's degree","Non-profit","Matlab","Computer Science"
"163","Male",43,"Employed full-time","Doctoral degree","Financial","Python","Computer Science"
"164","Male",25,"Employed full-time","Master's degree","CRM/Marketing","Python","Computer Science"
"165","Male",33,"Employed full-time","Doctoral degree","Academic","Python","Computer Science"
"166","Male",25,"Employed part-time","Bachelor's degree","Mix of fields","R","Computer Science"
"167","Male",26,"Employed full-time","Master's degree","Retail","Python","Mathematics or statistics"
"168","Male",27,"Employed full-time","Master's degree","Technology","Python","Computer Science"
"169","Male",27,"Employed full-time","Bachelor's degree","Academic","Python","Computer Science"
"170","Male",27,"Employed full-time","Master's degree","Academic","R","Mathematics or statistics"
"171","Male",53,"Employed full-time","Bachelor's degree","Telecommunications","R","Mathematics or statistics"
"172","Female",48,"Employed full-time","Doctoral degree","Academic","R","Computer Science"
"173","Male",27,"Employed full-time","Master's degree","CRM/Marketing","Python","Mathematics or statistics"
"174","Male",27,"Employed full-time","Master's degree","Mix of fields","Python","Mathematics or statistics"
"175","Female",25,"Employed full-time","Master's degree","Mix of fields","Python","Computer Science"
"176","Male",29,"Employed full-time","Master's degree","Academic","Python","Computer Science"
"177","Female",33,"Employed full-time","Doctoral degree","Government","Python","Computer Science"
"178","Female",34,"Employed full-time","Doctoral degree","Academic","R","Computer Science"
"179","Male",36,"Employed full-time","Doctoral degree","Academic","Python","Computer Science"
"180","Male",37,"Employed full-time","Bachelor's degree","Technology","Python","Computer Science"
"181","Male",25,"Employed full-time","Bachelor's degree","Financial","Python","Computer Science"
"182","Male",25,"Employed full-time","Bachelor's degree","Technology","Python","Mathematics or statistics"
"183","Male",33,"Employed full-time","Master's degree","Other","Python","Computer Science"
"184","Male",24,"Employed full-time","Master's degree","Technology","Python","Computer Science"
"185","Male",37,"Employed full-time","Master's degree","Non-profit","R","Mathematics or statistics"
"186","Male",27,"Employed full-time","Doctoral degree","Academic","Python","Computer Science"
"187","Male",32,"Employed full-time","Bachelor's degree","Internet-based","Python","Computer Science"
"188","Male",35,"Employed full-time","Master's degree","Other","Python","Computer Science"
"189","Male",32,"Employed full-time","Doctoral degree","Technology","Python","Computer Science"
"190","Male",35,"Employed full-time","Bachelor's degree","Insurance","Python","Computer Science"
"191","Male",62,"Employed full-time","Master's degree","Financial","R","Mathematics or statistics"
"192","Male",36,"Employed full-time","Master's degree","Telecommunications","R","Mathematics or statistics"
"193","Male",25,"Employed full-time","Bachelor's degree","Government","Python","Mathematics or statistics"
"194","Male",36,"Employed full-time","Doctoral degree","Internet-based","Python","Mathematics or statistics"
"195","Female",21,"Employed part-time","Bachelor's degree","Internet-based","Python","Computer Science"
"196","Male",23,"Employed full-time","Bachelor's degree","Telecommunications","Python","Computer Science"
"197","Male",27,"Employed full-time","Master's degree","Academic","R","Computer Science"
"198","Male",26,"Employed full-time","Master's degree","Mix of fields","R","Mathematics or statistics"
"199","Female",38,"Employed full-time","Doctoral degree","Academic","Python","Computer Science"
"200","A different identity",25,"Employed full-time","Bachelor's degree","Pharmaceutical","SAS","Computer Science"
"201","Male",28,"Employed full-time","Master's degree","Academic","Python","Computer Science"
"202","Male",28,"Employed full-time","Master's degree","Academic","Python","Mathematics or statistics"
"203","Male",27,"Employed full-time","Master's degree","CRM/Marketing","Python","Mathematics or statistics"
"204","Female",27,"Employed full-time","Master's degree","Academic","Python","Computer Science"
"205","Male",27,"Employed full-time","Master's degree","Government","Python","Computer Science"
"206","Male",25,"Employed full-time","Master's degree","Other","Python","Mathematics or statistics"
"207","Male",22,"Employed full-time","Bachelor's degree","Mix of fields","Python","Computer Science"
"208","Female",31,"Employed full-time","Doctoral degree","Academic","R","Mathematics or statistics"
"209","Male",33,"Employed full-time","Master's degree","CRM/Marketing","Python","Mathematics or statistics"
"210","Male",25,"Employed full-time","Bachelor's degree","Telecommunications","Python","Computer Science"
"211","Male",33,"Employed full-time","Some college/university study without earning a bachelor's degree","Mix of fields","Python","Mathematics or statistics"
"212","Male",24,"Employed full-time","Master's degree","Academic","R","Computer Science"
"213","Male",30,"Employed full-time","Master's degree","Academic","Python","A health science"
"214","Female",33,"Employed full-time","Doctoral degree","Retail","R","Mathematics or statistics"
"215","Female",36,"Employed full-time","Doctoral degree","Technology","Python","Computer Science"
"216","Male",28,"Employed full-time","Bachelor's degree","Technology","Python","Mathematics or statistics"
"217","Male",38,"Employed full-time","Master's degree","Technology","Python","Computer Science"
"218","Male",32,"Employed full-time","Master's degree","Government","Python","Mathematics or statistics"
"219","Male",28,"Employed full-time","Bachelor's degree","Manufacturing","Python","Computer Science"
"220","Male",30,"Employed full-time","Bachelor's degree","Telecommunications","R","Computer Science"
"221","Female",22,"Employed full-time","Bachelor's degree","Mix of fields","Python","Computer Science"
"222","Male",23,"Employed full-time","Master's degree","Other","R","Computer Science"
"223","Male",26,"Employed full-time","Master's degree","CRM/Marketing","Python","Computer Science"
"224","Male",70,"Employed full-time","Doctoral degree","Internet-based","Python","Mathematics or statistics"
"225","Male",25,"Employed full-time","Master's degree","Financial","Python","Mathematics or statistics"
"226","Male",38,"Employed full-time","Master's degree","Government","Python","Computer Science"
"227","Male",28,"Employed full-time","Doctoral degree","Academic","Python","Computer Science"
"228","Male",26,"Employed full-time","Doctoral degree","Mix of fields","Python","Mathematics or statistics"
"229","Female",22,"Employed full-time","Bachelor's degree","Technology","Python","Computer Science"
"230","Female",23,"Employed full-time","Bachelor's degree","Telecommunications","Python","Mathematics or statistics"
"231","Male",22,"Employed full-time","Bachelor's degree","Financial","R","Computer Science"
"232","Male",32,"Employed full-time","Master's degree","Internet-based","Python","Computer Science"
"233","Male",32,"Employed full-time","Master's degree","Academic","Matlab","Computer Science"
"234","Male",31,"Employed full-time","Bachelor's degree","Non-profit","Python","Computer Science"
"235","Male",25,"Employed full-time","Doctoral degree","Academic","R","Mathematics or statistics"
"236","Male",29,"Employed full-time","Bachelor's degree","Technology","Python","Computer Science"
"237","Male",26,"Employed part-time","Bachelor's degree","Technology","Python","Computer Science"
"238","Male",26,"Employed full-time","Bachelor's degree","Financial","Python","Mathematics or statistics"
"239","Male",39,"Employed full-time","Master's degree","Technology","R","Computer Science"
"240","Male",30,"Employed full-time","Master's degree","CRM/Marketing","R","Mathematics or statistics"
"241","Female",29,"Employed full-time","Master's degree","Technology","Matlab","Computer Science"
"242","Male",31,"Employed full-time","Master's degree","Technology","Python","Computer Science"
"243","Male",31,"Employed full-time","Master's degree","Technology","R","Mathematics or statistics"
"244","Male",27,"Employed full-time","Doctoral degree","Government","Matlab","Computer Science"
"245","Male",40,"Employed full-time","Master's degree","Other","R","Computer Science"
"246","Male",48,"Employed full-time","Master's degree","Mix of fields","Python","Computer Science"
"247","Male",39,"Employed full-time","Doctoral degree","Academic","R","A health science"
"248","Male",31,"Employed full-time","Master's degree","Academic","Python","Computer Science"
"249","Male",38,"Employed full-time","Doctoral degree","Academic","Python","Computer Science"
"250","Male",37,"Employed full-time","Master's degree","Government","Python","Computer Science"
"251","Male",25,"Employed full-time","Bachelor's degree","Non-profit","R","Mathematics or statistics"
"252","Male",33,"Employed full-time","Master's degree","Other","Python","Computer Science"
"253","Male",30,"Employed full-time","Bachelor's degree","Other","R","Mathematics or statistics"
"254","Male",22,"Employed full-time","Bachelor's degree","Technology","Python","Computer Science"
"255","Male",28,"Employed part-time","Master's degree","Other","R","Mathematics or statistics"
"256","Male",21,"Employed full-time","Bachelor's degree","Financial","Python","Computer Science"
"257","Male",37,"Employed full-time","Doctoral degree","Academic","Python","Computer Science"
"258","Female",35,"Employed full-time","Master's degree","Academic","Python","Computer Science"
"259","Male",35,"Employed full-time","Master's degree","Mix of fields","R","Computer Science"
"260","Male",23,"Employed full-time","Bachelor's degree","Financial","Python","Computer Science"
"261","Male",35,"Employed full-time","Doctoral degree","Academic","Python","Mathematics or statistics"
"262","Female",27,"Employed full-time","Master's degree","Internet-based","R","Mathematics or statistics"
"263","Male",29,"Employed full-time","Master's degree","Pharmaceutical","Python","Computer Science"
"264","Male",31,"Employed full-time","Master's degree","Financial","Python","Computer Science"
"265","Male",26,"Employed part-time","Some college/university study without earning a bachelor's degree","Mix of fields","Python","Mathematics or statistics"
"266","Male",38,"Employed full-time","Bachelor's degree","Mix of fields","Python","Computer Science"
"267","Male",27,"Employed full-time","Master's degree","Hospitality/Entertainment/Sports","Python","Computer Science"
"268","Male",35,"Employed full-time","Master's degree","Manufacturing","Python","Computer Science"
"269","Male",35,"Employed full-time","Doctoral degree","Technology","Python","Mathematics or statistics"
"270","Male",26,"Employed full-time","Master's degree","Technology","Python","Computer Science"
"271","Male",28,"Employed full-time","Bachelor's degree","Technology","R","Computer Science"
"272","Male",30,"Employed full-time","Master's degree","Hospitality/Entertainment/Sports","Python","Mathematics or statistics"
"273","Male",38,"Employed full-time","Bachelor's degree","Mix of fields","R","Mathematics or statistics"
"274","Male",31,"Employed full-time","Bachelor's degree","Mix of fields","Python","Mathematics or statistics"
"275","Male",33,"Employed full-time","Some college/university study without earning a bachelor's degree","Retail","Python","Computer Science"
"276","Female",28,"Employed part-time","Master's degree","Technology","Python","Computer Science"
"277","Male",57,"Employed full-time","Doctoral degree","Academic","Python","Computer Science"
"278","Male",41,"Employed full-time","Bachelor's degree","Financial","R","Computer Science"
"279","Male",30,"Employed full-time","Master's degree","Financial","Python","Mathematics or statistics"
"280","Male",28,"Employed full-time","Bachelor's degree","Internet-based","Python","Computer Science"
"281","Male",52,"Employed full-time","Bachelor's degree","Government","Python","Computer Science"
"282","Male",29,"Employed full-time","Bachelor's degree","Telecommunications","R","Computer Science"
"283","Male",26,"Employed full-time","Some college/university study without earning a bachelor's degree","Internet-based","Python","Computer Science"
"284","Male",25,"Employed full-time","Master's degree","Retail","Python","Mathematics or statistics"
"285","Male",38,"Employed full-time","Master's degree","Technology","Python","Mathematics or statistics"
"286","Male",27,"Employed full-time","Master's degree","Government","R","Mathematics or statistics"
"287","Male",24,"Employed full-time","Bachelor's degree","Financial","Python","Computer Science"
"288","Male",25,"Employed full-time","Master's degree","Financial","R","Mathematics or statistics"
"289","Male",39,"Employed full-time","Bachelor's degree","Financial","Python","Computer Science"
"290","Male",56,"Employed full-time","Master's degree","Technology","Python","Mathematics or statistics"
"291","A different identity",49,"Employed full-time","Master's degree","Other","Python","Computer Science"
"292","Male",29,"Employed full-time","Bachelor's degree","Academic","R","Mathematics or statistics"
"293","Male",35,"Employed full-time","Master's degree","Technology","R","Computer Science"
"294","Female",27,"Employed full-time","Master's degree","Manufacturing","R","Mathematics or statistics"
"295","Female",31,"Employed full-time","Master's degree","Non-profit","R","A health science"
"296","Male",34,"Employed full-time","Master's degree","Telecommunications","Python","Computer Science"
"297","Female",26,"Employed full-time","Master's degree","Academic","R","Mathematics or statistics"
"298","Male",38,"Employed full-time","Bachelor's degree","Technology","Python","Computer Science"
"299","Male",50,"Employed full-time","Doctoral degree","Academic","R","Computer Science"
"300","Male",24,"Employed full-time","Master's degree","Internet-based","Python","Computer Science"
"301","Male",35,"Employed full-time","Doctoral degree","Academic","R","Computer Science"
"302","Male",27,"Employed full-time","Master's degree","Pharmaceutical","R","Mathematics or statistics"
"303","Female",24,"Employed full-time","Bachelor's degree","Academic","Python","Mathematics or statistics"
"304","Male",24,"Employed full-time","Master's degree","Academic","Python","Computer Science"
"305","Male",23,"Employed full-time","Bachelor's degree","Other","Python","Computer Science"
"306","Male",31,"Employed full-time","Doctoral degree","Technology","Python","Computer Science"
"307","Male",23,"Employed full-time","Bachelor's degree","Financial","Python","Computer Science"
"308","Male",35,"Employed full-time","Master's degree","Other","R","Mathematics or statistics"
"309","Male",50,"Employed full-time","Master's degree","Technology","Python","Computer Science"
"310","Male",55,"Employed full-time","Doctoral degree","Academic","R","Mathematics or statistics"
"311","Female",35,"Employed full-time","Bachelor's degree","Insurance","R","Mathematics or statistics"
"312","Male",50,"Employed full-time","Bachelor's degree","Technology","Python","Computer Science"
"313","Male",32,"Employed full-time","Bachelor's degree","CRM/Marketing","R","Computer Science"
"314","Male",24,"Employed full-time","Bachelor's degree","Government","R","Mathematics or statistics"
"315","Male",42,"Employed full-time","Doctoral degree","Government","Python","Mathematics or statistics"
"316","Male",28,"Employed full-time","Doctoral degree","Academic","Python","Computer Science"
"317","Male",30,"Employed full-time","Master's degree","Other","Python","Mathematics or statistics"
"318","Male",26,"Employed full-time","Doctoral degree","Hospitality/Entertainment/Sports","Python","Mathematics or statistics"
"319","Male",29,"Employed full-time","Doctoral degree","Technology","R","Computer Science"
"320","Male",31,"Employed full-time","Doctoral degree","Financial","Python","Mathematics or statistics"
"321","Male",33,"Employed full-time","Master's degree","Financial","Python","Mathematics or statistics"
"322","Male",47,"Employed full-time","Master's degree","Government","Python","Mathematics or statistics"
"323","Male",27,"Employed full-time","Master's degree","Government","Python","Computer Science"
"324","Male",32,"Employed full-time","Master's degree","Other","Python","Mathematics or statistics"
"325","Male",23,"Employed full-time","Bachelor's degree","Telecommunications","Python","Mathematics or statistics"
"326","Male",23,"Employed part-time","Some college/university study without earning a bachelor's degree","Academic","Python","Mathematics or statistics"
"327","Male",28,"Employed full-time","Doctoral degree","Academic","Python","Mathematics or statistics"
"328","Male",23,"Employed full-time","Bachelor's degree","Technology","Python","Computer Science"
"329","Male",23,"Employed full-time","Master's degree","Technology","Python","Computer Science"
"330","Male",31,"Employed full-time","Doctoral degree","Other","R","Mathematics or statistics"
"331","Male",40,"Employed full-time","Master's degree","Financial","R","Mathematics or statistics"
"332","Male",50,"Employed full-time","Master's degree","Mix of fields","R","Mathematics or statistics"
"333","Male",24,"Employed full-time","Master's degree","CRM/Marketing","Python","Mathematics or statistics"
"334","Male",35,"Employed full-time","Master's degree","Other","Python","Mathematics or statistics"
"335","Male",26,"Employed full-time","Master's degree","Internet-based","Python","Computer Science"
"336","Male",26,"Employed full-time","Master's degree","Technology","R","Computer Science"
"337","Male",41,"Employed full-time","Master's degree","Technology","Python","Mathematics or statistics"
"338","Male",35,"Employed full-time","Master's degree","Manufacturing","Python","Computer Science"
"339","Male",40,"Employed full-time","Master's degree","Financial","Python","Mathematics or statistics"
"340","Female",32,"Employed full-time","Bachelor's degree","Telecommunications","Python","Computer Science"
"341","Male",27,"Employed full-time","Master's degree","CRM/Marketing","Python","Computer Science"
"342","Female",28,"Employed full-time","Master's degree","Insurance","Python","Mathematics or statistics"
"343","Male",35,"Employed full-time","Some college/university study without earning a bachelor's degree","Telecommunications","Python","Mathematics or statistics"
"344","Male",41,"Employed full-time","Some college/university study without earning a bachelor's degree","Technology","Matlab","Computer Science"
"345","Male",23,"Employed full-time","Bachelor's degree","Military/Security","Python","Mathematics or statistics"
"346","Male",40,"Employed full-time","Bachelor's degree","Hospitality/Entertainment/Sports","Python","Computer Science"
"347","Female",20,"Employed full-time","Bachelor's degree","Insurance","R","Mathematics or statistics"
"348","Male",25,"Employed full-time","Doctoral degree","Technology","Python","Mathematics or statistics"
"349","Male",41,"Employed full-time","Doctoral degree","Mix of fields","R","Computer Science"
"350","Female",45,"Employed part-time","Doctoral degree","Pharmaceutical","R","A health science"
"351","Male",27,"Employed part-time","Master's degree","Non-profit","R","Mathematics or statistics"
"352","Male",24,"Employed part-time","Bachelor's degree","Internet-based","Python","Mathematics or statistics"
"353","Male",37,"Employed full-time","Master's degree","Mix of fields","Python","Computer Science"
"354","Male",22,"Employed full-time","Bachelor's degree","Academic","Python","Computer Science"
"355","Female",25,"Employed full-time","Bachelor's degree","Government","Python","Computer Science"
"356","Male",36,"Employed full-time","Doctoral degree","Academic","Python","Computer Science"
"357","Male",47,"Employed full-time","Some college/university study without earning a bachelor's degree","Financial","Python","Computer Science"
"358","Male",29,"Employed full-time","Doctoral degree","Academic","Matlab","Mathematics or statistics"
"359","Male",46,"Employed full-time","Master's degree","Mix of fields","Python","Computer Science"
"360","Female",42,"Employed full-time","Master's degree","Hospitality/Entertainment/Sports","R","Computer Science"
"361","Male",42,"Employed full-time","Master's degree","Technology","Python","Mathematics or statistics"
"362","Male",26,"Employed full-time","Master's degree","Mix of fields","Python","Computer Science"
"363","Male",62,"Employed full-time","Doctoral degree","Academic","R","Mathematics or statistics"
"364","Male",29,"Employed full-time","Master's degree","Technology","Python","Mathematics or statistics"
"365","Male",31,"Employed part-time","Doctoral degree","Academic","R","Computer Science"
"366","Female",27,"Employed full-time","Master's degree","Internet-based","Python","Mathematics or statistics"
"367","Male",28,"Employed full-time","Bachelor's degree","Technology","Python","Mathematics or statistics"
"368","Male",40,"Employed full-time","Master's degree","Mix of fields","Python","Computer Science"
"369","Male",28,"Employed full-time","Bachelor's degree","Retail","Python","Mathematics or statistics"
"370","Male",28,"Employed full-time","Master's degree","Technology","Python","Computer Science"
"371","Male",25,"Employed full-time","Bachelor's degree","Retail","Python","Computer Science"
"372","Female",35,"Employed part-time","Bachelor's degree","Insurance","R","Mathematics or statistics"
"373","Male",25,"Employed full-time","Some college/university study without earning a bachelor's degree","Financial","Python","Computer Science"
"374","Male",35,"Employed full-time","Bachelor's degree","Government","Python","Computer Science"
"375","Male",28,"Employed full-time","Master's degree","Academic","R","Computer Science"
"376","Male",30,"Employed full-time","Master's degree","Technology","Python","Computer Science"
"377","Female",52,"Employed full-time","Doctoral degree","Academic","Python","Mathematics or statistics"
"378","Male",22,"Employed full-time","Bachelor's degree","Technology","Python","Computer Science"
"379","Male",35,"Employed full-time","Master's degree","Other","Python","Computer Science"
"380","Female",28,"Employed full-time","Bachelor's degree","Other","Python","Computer Science"
"381","Male",50,"Employed full-time","Doctoral degree","Technology","Python","Mathematics or statistics"
"382","Male",35,"Employed full-time","Master's degree","Manufacturing","R","Mathematics or statistics"
"383","Male",38,"Employed part-time","Doctoral degree","Government","R","Mathematics or statistics"
"384","Female",26,"Employed full-time","Master's degree","Retail","R","Mathematics or statistics"
"385","Male",24,"Employed part-time","Some college/university study without earning a bachelor's degree","Other","Python","Computer Science"
"386","Male",34,"Employed full-time","Doctoral degree","Academic","Python","Computer Science"
"387","Male",28,"Employed full-time","Bachelor's degree","Government","R","Mathematics or statistics"
"388","Male",21,"Employed full-time","Master's degree","Technology","R","Mathematics or statistics"
"389","Male",37,"Employed full-time","Bachelor's degree","Technology","Python","Computer Science"
"390","Male",33,"Employed full-time","Master's degree","Technology","Python","Computer Science"
"391","Male",60,"Employed full-time","Doctoral degree","Academic","Matlab","A health science"
"392","Male",30,"Employed full-time","Master's degree","Hospitality/Entertainment/Sports","Python","Mathematics or statistics"
"393","Male",43,"Employed full-time","Doctoral degree","Academic","Python","Mathematics or statistics"
"394","Male",43,"Employed full-time","Master's degree","Insurance","Python","Mathematics or statistics"
"395","Female",26,"Employed part-time","Bachelor's degree","CRM/Marketing","Python","A health science"
"396","Male",24,"Employed full-time","Bachelor's degree","Technology","Python","Computer Science"
"397","Male",22,"Employed full-time","Bachelor's degree","Insurance","Python","Mathematics or statistics"
"398","Male",33,"Employed full-time","Master's degree","Military/Security","Python","Mathematics or statistics"
"399","Female",35,"Employed full-time","Doctoral degree","Internet-based","Python","Mathematics or statistics"
"400","Male",36,"Employed full-time","Bachelor's degree","Technology","Python","Computer Science"
"401","Female",43,"Employed full-time","Master's degree","Insurance","Python","Mathematics or statistics"
"402","Male",38,"Employed full-time","Master's degree","Technology","Python","Computer Science"
"403","Male",35,"Employed full-time","Master's degree","Other","Python","Mathematics or statistics"
"404","Female",23,"Employed full-time","Master's degree","Mix of fields","Python","Mathematics or statistics"
"405","Male",31,"Employed full-time","Master's degree","Technology","R","Computer Science"
"406","Male",27,"Employed part-time","Bachelor's degree","Academic","Python","Computer Science"
"407","Male",36,"Employed full-time","Bachelor's degree","Financial","Python","Computer Science"
"408","Male",24,"Employed full-time","Master's degree","Academic","Python","Computer Science"
"409","Male",31,"Employed full-time","Doctoral degree","Insurance","Python","Mathematics or statistics"
"410","Male",28,"Employed full-time","Bachelor's degree","Internet-based","R","Mathematics or statistics"
"411","Male",42,"Employed full-time","Master's degree","Other","Python","Computer Science"
"412","Male",24,"Employed full-time","Bachelor's degree","Technology","Python","Computer Science"
"413","Male",40,"Employed full-time","Bachelor's degree","Insurance","Python","Mathematics or statistics"
"414","Male",36,"Employed full-time","Bachelor's degree","Pharmaceutical","Python","Computer Science"
"415","Male",48,"Employed full-time","Bachelor's degree","Telecommunications","Python","Computer Science"
"416","Male",27,"Employed full-time","Master's degree","Mix of fields","R","A health science"
"417","Male",27,"Employed full-time","Master's degree","Other","Python","Computer Science"
"418","Male",38,"Employed full-time","Master's degree","Government","R","Computer Science"
"419","Male",72,"Employed part-time","Master's degree","Academic","R","Mathematics or statistics"
"420","Male",21,"Employed full-time","Bachelor's degree","Telecommunications","Python","Computer Science"
"421","Male",22,"Employed full-time","Bachelor's degree","Other","Python","Computer Science"
"422","Male",25,"Employed full-time","Master's degree","Mix of fields","Python","Mathematics or statistics"
"423","Male",33,"Employed full-time","Doctoral degree","Academic","R","Mathematics or statistics"
"424","Male",38,"Employed full-time","Bachelor's degree","Other","R","Computer Science"
"425","Male",25,"Employed full-time","Bachelor's degree","Technology","Python","Mathematics or statistics"
"426","Male",27,"Employed full-time","Doctoral degree","Academic","R","Computer Science"
"427","Male",33,"Employed full-time","Doctoral degree","Academic","R","Computer Science"
"428","Male",31,"Employed full-time","Master's degree","Hospitality/Entertainment/Sports","Python","Computer Science"
"429","Male",58,"Employed full-time","Doctoral degree","Academic","Python","Computer Science"
"430","Male",40,"Employed full-time","Master's degree","Other","Python","Computer Science"
"431","Male",28,"Employed full-time","Doctoral degree","Internet-based","Python","Computer Science"
"432","Male",36,"Employed full-time","Master's degree","CRM/Marketing","R","Mathematics or statistics"
"433","Female",28,"Employed full-time","Doctoral degree","Academic","Python","Computer Science"
"434","Male",44,"Employed full-time","Master's degree","Pharmaceutical","Python","Mathematics or statistics"
"435","Male",25,"Employed full-time","Master's degree","Financial","Python","Computer Science"
"436","Male",26,"Employed full-time","Bachelor's degree","Internet-based","Python","Computer Science"
"437","Female",37,"Employed full-time","Doctoral degree","Hospitality/Entertainment/Sports","Python","Mathematics or statistics"
"438","Male",32,"Employed full-time","Master's degree","Financial","Python","Computer Science"
"439","Female",57,"Employed full-time","Master's degree","Other","R","Mathematics or statistics"
"440","Male",47,"Employed full-time","Master's degree","Other","Python","Mathematics or statistics"
"441","Male",30,"Employed full-time","Master's degree","Retail","Python","Computer Science"
"442","Female",34,"Employed full-time","Bachelor's degree","CRM/Marketing","R","Mathematics or statistics"
"443","Male",38,"Employed full-time","Bachelor's degree","CRM/Marketing","R","Mathematics or statistics"
"444","Male",35,"Employed full-time","Master's degree","Military/Security","Python","Computer Science"
"445","Male",40,"Employed full-time","Master's degree","Other","R","Mathematics or statistics"
"446","Male",32,"Employed part-time","Master's degree","Internet-based","Python","Computer Science"
"447","Male",38,"Employed full-time","Master's degree","Technology","Python","Computer Science"
"448","Female",27,"Employed full-time","Bachelor's degree","Retail","Python","Computer Science"
"449","Male",37,"Employed full-time","Doctoral degree","Mix of fields","Python","Computer Science"
"450","Male",38,"Employed full-time","Bachelor's degree","Financial","Python","Mathematics or statistics"
"451","Male",22,"Employed full-time","Bachelor's degree","Academic","Python","Computer Science"
"452","Female",35,"Employed full-time","Master's degree","Technology","R","Mathematics or statistics"
"453","Male",37,"Employed full-time","Bachelor's degree","Technology","Python","Computer Science"
"454","Male",47,"Employed full-time","Doctoral degree","Technology","Python","A health science"
"455","Male",31,"Employed full-time","Master's degree","Internet-based","Python","Computer Science"
"456","Male",40,"Employed full-time","Bachelor's degree","Financial","Python","Computer Science"
"457","Male",37,"Employed full-time","Master's degree","Mix of fields","R","Mathematics or statistics"
"458","Male",48,"Employed full-time","Master's degree","Insurance","R","Computer Science"
"459","Male",32,"Employed full-time","Bachelor's degree","Technology","Python","Computer Science"
"460","Male",26,"Employed full-time","Bachelor's degree","Government","R","Mathematics or statistics"
"461","Male",39,"Employed full-time","Master's degree","Technology","Python","Mathematics or statistics"
"462","Male",60,"Employed full-time","Master's degree","Internet-based","Python","Computer Science"
"463","Male",21,"Employed full-time","Bachelor's degree","Telecommunications","R","Mathematics or statistics"
"464","Male",36,"Employed full-time","Master's degree","Insurance","Python","Mathematics or statistics"
"465","Male",26,"Employed full-time","Master's degree","Hospitality/Entertainment/Sports","Python","Mathematics or statistics"
"466","Male",33,"Employed full-time","Bachelor's degree","Insurance","R","Mathematics or statistics"
"467","Male",33,"Employed full-time","Master's degree","Mix of fields","Python","Computer Science"
"468","Male",41,"Employed full-time","Master's degree","Pharmaceutical","Python","Computer Science"
"469","Male",22,"Employed part-time","Bachelor's degree","Technology","Python","Computer Science"
"470","A different identity",48,"Employed full-time","Doctoral degree","Mix of fields","Python","Computer Science"
"471","Male",49,"Employed full-time","Doctoral degree","Financial","Python","Computer Science"
"472","Male",47,"Employed full-time","Master's degree","Other","R","Computer Science"
"473","Male",36,"Employed full-time","Master's degree","Financial","Python","Mathematics or statistics"
"474","Female",37,"Employed full-time","Bachelor's degree","Other","R","Computer Science"
"475","Male",28,"Employed full-time","Bachelor's degree","Academic","Python","Computer Science"
"476","Male",25,"Employed part-time","Bachelor's degree","Academic","Python","Computer Science"
"477","Male",23,"Employed part-time","Master's degree","Internet-based","Python","Computer Science"
"478","Male",32,"Employed full-time","Bachelor's degree","Technology","Python","Computer Science"
"479","Male",37,"Employed full-time","Master's degree","Academic","R","Computer Science"
"480","Male",32,"Employed full-time","Master's degree","Internet-based","Python","Mathematics or statistics"
"481","Male",22,"Employed full-time","Bachelor's degree","Mix of fields","Python","Computer Science"
"482","Male",28,"Employed full-time","Master's degree","Technology","Python","Mathematics or statistics"
"483","Male",21,"Employed full-time","Bachelor's degree","Technology","Python","Mathematics or statistics"
"484","Male",35,"Employed full-time","Master's degree","Other","Python","Mathematics or statistics"
"485","Male",32,"Employed full-time","Bachelor's degree","Government","Python","Computer Science"
"486","Male",26,"Employed full-time","Master's degree","Academic","Python","Computer Science"
"487","Male",46,"Employed full-time","Doctoral degree","Academic","Python","Computer Science"
"488","Male",21,"Employed full-time","Bachelor's degree","Financial","Python","Computer Science"
"489","Male",37,"Employed full-time","Bachelor's degree","Internet-based","R","Computer Science"
"490","Female",27,"Employed full-time","Master's degree","Academic","Python","Computer Science"
"491","Male",26,"Employed full-time","Bachelor's degree","Internet-based","Python","Computer Science"
"492","Female",30,"Employed full-time","Doctoral degree","Other","Python","Mathematics or statistics"
"493","Male",24,"Employed full-time","Bachelor's degree","Internet-based","Python","Mathematics or statistics"
"494","Male",38,"Employed full-time","Doctoral degree","Technology","Python","Mathematics or statistics"
"495","Male",28,"Employed full-time","Bachelor's degree","Financial","Python","Mathematics or statistics"
"496","Male",35,"Employed full-time","Bachelor's degree","Technology","Python","Computer Science"
"497","Male",27,"Employed full-time","Master's degree","Insurance","R","Mathematics or statistics"
"498","Male",31,"Employed full-time","Some college/university study without earning a bachelor's degree","Military/Security","Python","Computer Science"
"499","Female",34,"Employed full-time","Doctoral degree","Pharmaceutical","Python","Mathematics or statistics"
"500","Female",29,"Employed full-time","Master's degree","Retail","Python","Computer Science"
"501","Female",32,"Employed full-time","Doctoral degree","Mix of fields","Python","Computer Science"
"502","Male",39,"Employed full-time","Master's degree","Manufacturing","Python","Computer Science"
"503","Male",42,"Employed full-time","Some college/university study without earning a bachelor's degree","Mix of fields","Python","Computer Science"
"504","Male",39,"Employed full-time","Doctoral degree","Financial","R","Mathematics or statistics"
"505","Male",55,"Employed full-time","Master's degree","Other","Python","Computer Science"
"506","Male",63,"Employed full-time","Master's degree","Academic","Python","Mathematics or statistics"
"507","Male",31,"Employed full-time","Bachelor's degree","Technology","R","Mathematics or statistics"
"508","Male",23,"Employed full-time","Master's degree","Financial","Python","Computer Science"
"509","Male",41,"Employed full-time","Bachelor's degree","CRM/Marketing","Python","Computer Science"
"510","Male",26,"Employed full-time","Master's degree","Retail","Python","Mathematics or statistics"
"511","Male",28,"Employed full-time","Master's degree","Financial","R","Mathematics or statistics"
"512","Female",27,"Employed full-time","Master's degree","Academic","Python","Mathematics or statistics"
"513","Male",29,"Employed full-time","Master's degree","Technology","Python","Mathematics or statistics"
"514","Male",22,"Employed full-time","Bachelor's degree","Mix of fields","R","Computer Science"
"515","Male",46,"Employed full-time","Doctoral degree","Academic","R","Mathematics or statistics"
"516","Male",37,"Employed full-time","Master's degree","Telecommunications","R","Computer Science"
"517","Female",23,"Employed full-time","Bachelor's degree","Mix of fields","Python","Mathematics or statistics"
"518","Female",32,"Employed full-time","Master's degree","Financial","R","Computer Science"
"519","Male",30,"Employed full-time","Doctoral degree","Internet-based","Python","Computer Science"
"520","Male",25,"Employed part-time","Master's degree","Other","R","Computer Science"
"521","Male",48,"Employed full-time","Master's degree","Insurance","R","Mathematics or statistics"
"522","Female",33,"Employed full-time","Bachelor's degree","Mix of fields","R","Mathematics or statistics"
"523","Male",29,"Employed full-time","Doctoral degree","Academic","Python","Computer Science"
"524","Male",31,"Employed full-time","Doctoral degree","Academic","Python","Computer Science"
"525","Male",56,"Employed full-time","Master's degree","Government","Python","Computer Science"
"526","Male",29,"Employed full-time","Bachelor's degree","Mix of fields","Python","Mathematics or statistics"
"527","Male",30,"Employed full-time","Bachelor's degree","Other","Python","Computer Science"
"528","Male",36,"Employed full-time","Master's degree","Government","R","Computer Science"
"529","Male",23,"Employed part-time","Bachelor's degree","Government","R","Computer Science"
"530","Male",37,"Employed full-time","Doctoral degree","Internet-based","Python","Computer Science"
"531","Male",25,"Employed full-time","Bachelor's degree","Telecommunications","Python","Mathematics or statistics"
"532","Male",38,"Employed full-time","Bachelor's degree","Insurance","Python","Computer Science"
"533","Male",36,"Employed full-time","Master's degree","Technology","Python","Mathematics or statistics"
"534","Male",30,"Employed full-time","Master's degree","CRM/Marketing","Python","Mathematics or statistics"
"535","Male",27,"Employed full-time","Master's degree","Technology","Python","Computer Science"
"536","Male",34,"Employed full-time","Master's degree","Technology","R","Computer Science"
"537","Female",29,"Employed full-time","Master's degree","Academic","Python","Computer Science"
"538","Male",43,"Employed full-time","Doctoral degree","Telecommunications","Python","Computer Science"
"539","Male",35,"Employed full-time","Doctoral degree","Academic","R","Mathematics or statistics"
"540","Male",33,"Employed part-time","Master's degree","Government","Python","Computer Science"
"541","Male",27,"Employed part-time","Bachelor's degree","Pharmaceutical","Python","Computer Science"
"542","Male",42,"Employed full-time","Master's degree","Technology","R","Computer Science"
"543","Male",36,"Employed full-time","Bachelor's degree","Government","R","Mathematics or statistics"
"544","Male",27,"Employed full-time","Bachelor's degree","Technology","Python","Computer Science"
"545","Male",30,"Employed full-time","Master's degree","Insurance","Python","Mathematics or statistics"
"546","Male",37,"Employed full-time","Master's degree","Hospitality/Entertainment/Sports","Python","Computer Science"
"547","Male",26,"Employed full-time","Master's degree","Other","R","Computer Science"
"548","Male",40,"Employed full-time","Master's degree","Technology","Python","Mathematics or statistics"
"549","Male",31,"Employed full-time","Master's degree","Technology","Python","Computer Science"
"550","Male",42,"Employed full-time","Bachelor's degree","Military/Security","Python","Computer Science"
"551","Male",25,"Employed full-time","Bachelor's degree","Academic","Python","A health science"
"552","Male",42,"Employed full-time","Master's degree","Government","R","Mathematics or statistics"
"553","Male",27,"Employed full-time","Bachelor's degree","Technology","Python","Mathematics or statistics"
"554","Male",22,"Employed full-time","Bachelor's degree","Other","Python","Mathematics or statistics"
"555","Male",26,"Employed full-time","Master's degree","Technology","Python","Computer Science"
"556","Female",29,"Employed full-time","Master's degree","Financial","Matlab","Computer Science"
"557","Male",27,"Employed full-time","Bachelor's degree","Technology","Python","Mathematics or statistics"
"558","Male",47,"Employed full-time","Master's degree","Academic","Python","Computer Science"
"559","Male",52,"Employed full-time","Master's degree","Academic","R","Computer Science"
"560","Male",24,"Employed full-time","Master's degree","Academic","Python","Mathematics or statistics"
"561","Male",34,"Employed full-time","Bachelor's degree","Other","Python","Computer Science"
"562","Male",26,"Employed full-time","Master's degree","Financial","Python","Computer Science"
"563","Male",32,"Employed full-time","Master's degree","Technology","Python","Computer Science"
"564","Male",27,"Employed full-time","Bachelor's degree","Technology","Python","Computer Science"
"565","Male",25,"Employed full-time","Master's degree","Other","Python","Computer Science"
"566","Male",24,"Employed full-time","Bachelor's degree","Technology","Python","Computer Science"
"567","Male",33,"Employed full-time","Master's degree","Telecommunications","Python","Computer Science"
"568","Male",38,"Employed full-time","Master's degree","Internet-based","Python","Computer Science"
"569","Male",21,"Employed part-time","Bachelor's degree","Technology","Python","Computer Science"
"570","Male",30,"Employed full-time","Master's degree","Government","Python","Computer Science"
"571","Male",35,"Employed part-time","Master's degree","Academic","Python","Computer Science"
"572","Male",33,"Employed full-time","Some college/university study without earning a bachelor's degree","Insurance","Python","Computer Science"
"573","Male",30,"Employed full-time","Master's degree","Internet-based","Python","Computer Science"
"574","Female",22,"Employed full-time","Some college/university study without earning a bachelor's degree","Other","R","Mathematics or statistics"
"575","Male",21,"Employed full-time","Bachelor's degree","Technology","Python","Computer Science"
"576","Female",28,"Employed full-time","Master's degree","Government","Python","Mathematics or statistics"
"577","Female",39,"Employed full-time","Master's degree","Technology","Python","Computer Science"
"578","Male",51,"Employed full-time","Master's degree","Financial","Python","Computer Science"
"579","Male",28,"Employed full-time","Master's degree","Academic","Python","Computer Science"
"580","Male",26,"Employed full-time","Bachelor's degree","Technology","R","Computer Science"
"581","Male",31,"Employed full-time","Master's degree","Academic","R","Computer Science"
"582","Male",43,"Employed full-time","Some college/university study without earning a bachelor's degree","Manufacturing","R","Computer Science"
"583","Male",28,"Employed full-time","Master's degree","Manufacturing","Python","Computer Science"
"584","Male",55,"Employed full-time","Doctoral degree","Academic","Python","Computer Science"
"585","Male",26,"Employed full-time","Some college/university study without earning a bachelor's degree","Technology","Python","Computer Science"
"586","Male",34,"Employed full-time","Master's degree","Internet-based","Python","Computer Science"
"587","Male",0,"Employed full-time","Master's degree","Government","R","Mathematics or statistics"
"588","Male",23,"Employed full-time","Bachelor's degree","Mix of fields","Python","Computer Science"
"589","Male",23,"Employed full-time","Master's degree","Mix of fields","R","Mathematics or statistics"
"590","Male",29,"Employed full-time","Bachelor's degree","Other","R","Computer Science"
"591","Male",39,"Employed full-time","Doctoral degree","Academic","Matlab","Computer Science"
"592","Male",34,"Employed full-time","Master's degree","Other","Python","Computer Science"
"593","Male",26,"Employed full-time","Master's degree","Internet-based","Python","Computer Science"
"594","Male",30,"Employed full-time","Bachelor's degree","Mix of fields","Python","Computer Science"
"595","Female",23,"Employed full-time","Bachelor's degree","Technology","Python","Computer Science"
"596","Male",22,"Employed full-time","Master's degree","Technology","Python","Computer Science"
"597","Male",23,"Employed full-time","Bachelor's degree","Financial","R","Computer Science"
"598","Male",37,"Employed full-time","Master's degree","Mix of fields","Python","Computer Science"
"599","Male",45,"Employed full-time","Doctoral degree","Academic","R","Mathematics or statistics"
"600","Male",33,"Employed full-time","Master's degree","Other","Matlab","Mathematics or statistics"
"601","Female",33,"Employed full-time","Master's degree","Technology","Python","Mathematics or statistics"
"602","Male",24,"Employed full-time","Some college/university study without earning a bachelor's degree","Internet-based","Python","Mathematics or statistics"
"603","Female",25,"Employed full-time","Master's degree","Academic","Python","Computer Science"
"604","Male",27,"Employed part-time","Master's degree","Academic","Python","Computer Science"
"605","Female",24,"Employed full-time","Master's degree","Academic","Python","Mathematics or statistics"
"606","Female",27,"Employed full-time","Bachelor's degree","Technology","R","Computer Science"
"607","Female",28,"Employed full-time","Doctoral degree","Technology","Python","Computer Science"
"608","Male",28,"Employed full-time","Master's degree","Other","Python","Computer Science"
"609","Male",33,"Employed full-time","Bachelor's degree","Insurance","SAS","Mathematics or statistics"
"610","Female",61,"Employed full-time","Doctoral degree","Government","Python","Mathematics or statistics"
"611","Male",36,"Employed full-time","Master's degree","Academic","R","Computer Science"
"612","Male",28,"Employed full-time","Master's degree","CRM/Marketing","Python","Mathematics or statistics"
"613","Female",37,"Employed full-time","Master's degree","Retail","R","Mathematics or statistics"
"614","Male",23,"Employed full-time","Bachelor's degree","Financial","Python","Computer Science"
"615","Male",25,"Employed full-time","Master's degree","Insurance","R","Mathematics or statistics"
"616","Male",22,"Employed part-time","Some college/university study without earning a bachelor's degree","Academic","Python","Computer Science"
"617","Male",48,"Employed full-time","Doctoral degree","Academic","Python","Mathematics or statistics"
"618","Male",31,"Employed full-time","Master's degree","Financial","Python","Computer Science"
"619","Male",24,"Employed part-time","Some college/university study without earning a bachelor's degree","Hospitality/Entertainment/Sports","Python","Computer Science"
"620","Male",21,"Employed part-time","Bachelor's degree","Military/Security","Python","Computer Science"
"621","Female",26,"Employed full-time","Master's degree","Insurance","R","Mathematics or statistics"
"622","Male",49,"Employed full-time","Master's degree","Hospitality/Entertainment/Sports","Python","Computer Science"
"623","Female",37,"Employed full-time","Master's degree","Academic","R","Computer Science"
"624","Male",32,"Employed full-time","Doctoral degree","Technology","Python","Computer Science"
"625","Male",40,"Employed full-time","Some college/university study without earning a bachelor's degree","Technology","Python","Computer Science"
"626","Male",32,"Employed full-time","Master's degree","Insurance","R","Mathematics or statistics"
"627","Male",21,"Employed full-time","Bachelor's degree","Internet-based","Python","Computer Science"
"628","Male",0,"Employed full-time","Bachelor's degree","Financial","Python","Mathematics or statistics"
"629","Male",23,"Employed full-time","Bachelor's degree","Mix of fields","Python","Computer Science"
"630","Male",40,"Employed full-time","Master's degree","Mix of fields","R","Computer Science"
"631","Male",40,"Employed full-time","Master's degree","Mix of fields","R","Computer Science"
"632","Male",25,"Employed full-time","Master's degree","Technology","Python","Computer Science"
"633","Male",32,"Employed full-time","Doctoral degree","Academic","Python","Computer Science"
"634","Female",30,"Employed full-time","Doctoral degree","Academic","R","Mathematics or statistics"
"635","Male",24,"Employed full-time","Bachelor's degree","Technology","Python","Computer Science"
"636","Male",46,"Employed full-time","Doctoral degree","Academic","Python","Computer Science"
"637","Male",50,"Employed full-time","Doctoral degree","Academic","Python","Computer Science"
"638","Male",23,"Employed full-time","Master's degree","Technology","Python","Computer Science"
"639","Male",23,"Employed full-time","Master's degree","Other","Python","Mathematics or statistics"
"640","Male",32,"Employed full-time","Master's degree","Financial","Python","Computer Science"
"641","Male",39,"Employed full-time","Master's degree","Academic","Python","Computer Science"
"642","Male",23,"Employed full-time","Bachelor's degree","Technology","Python","Computer Science"
"643","Male",22,"Employed full-time","Bachelor's degree","Technology","Python","Computer Science"
"644","Male",25,"Employed full-time","Master's degree","Technology","Python","Computer Science"
"645","Male",53,"Employed full-time","Doctoral degree","Manufacturing","R","Mathematics or statistics"
"646","Male",23,"Employed full-time","Master's degree","Technology","Python","Computer Science"
"647","Male",23,"Employed full-time","Bachelor's degree","Manufacturing","R","Mathematics or statistics"
"648","Male",26,"Employed full-time","Master's degree","Manufacturing","R","Mathematics or statistics"
"649","Male",32,"Employed full-time","Doctoral degree","Technology","Python","Computer Science"
"650","Male",39,"Employed full-time","Master's degree","Technology","Python","Mathematics or statistics"
"651","Male",26,"Employed full-time","Master's degree","Academic","R","Computer Science"
"652","Male",26,"Employed full-time","Bachelor's degree","Financial","R","Mathematics or statistics"
"653","A different identity",32,"Employed full-time","Doctoral degree","Financial","Python","Mathematics or statistics"
"654","Male",33,"Employed full-time","Master's degree","Technology","Python","Mathematics or statistics"
"655","Male",22,"Employed full-time","Bachelor's degree","Technology","Python","Computer Science"
"656","Male",35,"Employed full-time","Bachelor's degree","Retail","Python","Computer Science"
"657","Male",31,"Employed full-time","Bachelor's degree","Pharmaceutical","Python","Computer Science"
"658","Male",23,"Employed full-time","Bachelor's degree","Technology","Python","Computer Science"
"659","Female",25,"Employed full-time","Bachelor's degree","Mix of fields","Python","Computer Science"
"660","Male",20,"Employed part-time","Some college/university study without earning a bachelor's degree","Internet-based","Python","Computer Science"
"661","Male",37,"Employed full-time","Master's degree","Technology","Python","Computer Science"
"662","Male",42,"Employed part-time","Doctoral degree","Mix of fields","R","A health science"
"663","Male",39,"Employed full-time","Bachelor's degree","Technology","Python","Computer Science"
"664","Male",58,"Employed full-time","Some college/university study without earning a bachelor's degree","Financial","Python","Mathematics or statistics"
"665","Male",34,"Employed full-time","Bachelor's degree","Technology","R","Computer Science"
"666","Male",37,"Employed full-time","Master's degree","Technology","Python","Computer Science"
"667","Male",24,"Employed part-time","Bachelor's degree","Telecommunications","Python","Computer Science"
"668","Male",23,"Employed full-time","Bachelor's degree","Manufacturing","Python","Computer Science"
"669","Male",34,"Employed full-time","Master's degree","Technology","Python","Computer Science"
"670","Male",30,"Employed full-time","Doctoral degree","Government","R","Computer Science"
"671","Female",28,"Employed full-time","Master's degree","Other","R","Mathematics or statistics"
"672","Male",24,"Employed full-time","Bachelor's degree","Technology","Python","Computer Science"
"673","Male",44,"Employed full-time","Doctoral degree","Technology","Python","Computer Science"
"674","Female",29,"Employed full-time","Doctoral degree","Academic","R","Mathematics or statistics"
"675","Male",34,"Employed full-time","Master's degree","Financial","R","Computer Science"
"676","Male",24,"Employed full-time","Bachelor's degree","Technology","Python","Mathematics or statistics"
"677","Male",30,"Employed full-time","Master's degree","Other","Python","Computer Science"
"678","Male",25,"Employed full-time","Doctoral degree","Academic","Python","Computer Science"
"679","Female",31,"Employed full-time","Master's degree","Academic","Python","Computer Science"
"680","Male",33,"Employed full-time","Bachelor's degree","Financial","Python","Computer Science"
"681","Male",25,"Employed full-time","Master's degree","Other","R","Mathematics or statistics"
"682","Female",0,"Employed full-time","Master's degree","Technology","Python","Computer Science"
"683","Male",24,"Employed part-time","Bachelor's degree","Internet-based","Python","Computer Science"
"684","Male",31,"Employed full-time","Master's degree","Retail","R","Mathematics or statistics"
"685","Male",24,"Employed full-time","Bachelor's degree","Technology","Python","Computer Science"
"686","Male",43,"Employed full-time","Doctoral degree","Financial","R","Mathematics or statistics"
"687","Male",25,"Employed full-time","Master's degree","Financial","Python","Mathematics or statistics"
"688","Male",34,"Employed full-time","Bachelor's degree","Telecommunications","Python","Computer Science"
"689","Male",19,"Employed full-time","Some college/university study without earning a bachelor's degree","Internet-based","Python","Computer Science"
"690","Male",35,"Employed full-time","Master's degree","Government","Python","Mathematics or statistics"
"691","Male",29,"Employed full-time","Master's degree","Academic","Python","Computer Science"
"692","Male",28,"Employed full-time","Some college/university study without earning a bachelor's degree","Academic","Python","Computer Science"
"693","Male",44,"Employed full-time","Master's degree","Other","Python","Computer Science"
"694","Male",29,"Employed part-time","Master's degree","Pharmaceutical","Python","Mathematics or statistics"
"695","Male",65,"Employed full-time","Master's degree","Technology","Python","Mathematics or statistics"
"696","Male",31,"Employed full-time","Bachelor's degree","Technology","Python","Mathematics or statistics"
"697","Male",47,"Employed full-time","Bachelor's degree","Technology","Python","Computer Science"
"698","Male",34,"Employed full-time","Doctoral degree","Academic","Python","Mathematics or statistics"
"699","Male",27,"Employed full-time","Master's degree","Technology","Python","Mathematics or statistics"
"700","Male",47,"Employed full-time","Bachelor's degree","Academic","Python","Computer Science"
"701","Female",24,"Employed full-time","Doctoral degree","Academic","Python","Computer Science"
"702","Male",40,"Employed full-time","Bachelor's degree","Internet-based","Python","Computer Science"
"703","Male",67,"Employed full-time","Doctoral degree","Academic","Python","Computer Science"
"704","Male",35,"Employed full-time","Doctoral degree","Academic","R","Mathematics or statistics"
"705","Male",34,"Employed full-time","Master's degree","CRM/Marketing","SAS","Mathematics or statistics"
"706","Male",40,"Employed full-time","Master's degree","CRM/Marketing","Python","Mathematics or statistics"
"707","Female",26,"Employed full-time","Master's degree","Mix of fields","SAS","Mathematics or statistics"
"708","Male",24,"Employed full-time","Bachelor's degree","Technology","Python","Computer Science"
"709","Female",23,"Employed full-time","Bachelor's degree","Other","Python","Computer Science"
"710","Male",27,"Employed full-time","Master's degree","Academic","Python","Mathematics or statistics"
"711","Male",27,"Employed full-time","Master's degree","Financial","Python","Computer Science"
"712","Male",40,"Employed full-time","Master's degree","Telecommunications","Python","Mathematics or statistics"
"713","Female",24,"Employed full-time","Bachelor's degree","Technology","Python","Computer Science"
"714","Male",36,"Employed full-time","Master's degree","Financial","Python","Computer Science"
"715","Male",38,"Employed full-time","Master's degree","Academic","R","Mathematics or statistics"
"716","Male",21,"Employed part-time","Some college/university study without earning a bachelor's degree","Technology","Python","Computer Science"
"717","Female",25,"Employed full-time","Master's degree","Financial","Python","Mathematics or statistics"
"718","Male",28,"Employed full-time","Master's degree","Mix of fields","Python","Mathematics or statistics"
"719","Male",29,"Employed full-time","Master's degree","Telecommunications","Python","Computer Science"
"720","Male",41,"Employed full-time","Master's degree","Financial","Python","Mathematics or statistics"
"721","Male",28,"Employed full-time","Master's degree","Retail","Python","Mathematics or statistics"
"722","Male",46,"Employed full-time","Master's degree","Financial","Python","Mathematics or statistics"
"723","Male",46,"Employed full-time","Master's degree","Technology","R","Computer Science"
"724","Male",36,"Employed full-time","Doctoral degree","Other","Python","Mathematics or statistics"
"725","Male",26,"Employed full-time","Master's degree","Telecommunications","R","Computer Science"
"726","Male",29,"Employed full-time","Master's degree","Academic","Python","Computer Science"
"727","Male",34,"Employed full-time","Master's degree","Telecommunications","Python","Mathematics or statistics"
"728","Male",36,"Employed part-time","Master's degree","Academic","Python","Computer Science"
"729","Female",49,"Employed full-time","Master's degree","Technology","R","Computer Science"
"730","Male",37,"Employed part-time","Master's degree","Academic","Python","Computer Science"
"731","Male",26,"Employed full-time","Master's degree","Technology","Python","Computer Science"
"732","Female",32,"Employed full-time","Doctoral degree","Mix of fields","Python","Computer Science"
"733","Male",28,"Employed full-time","Bachelor's degree","Technology","Python","Computer Science"
"734","Male",26,"Employed full-time","Master's degree","Financial","Python","Mathematics or statistics"
"735","Male",39,"Employed full-time","Master's degree","Technology","Python","Computer Science"
"736","Male",38,"Employed full-time","Bachelor's degree","Hospitality/Entertainment/Sports","Python","Computer Science"
"737","Male",26,"Employed full-time","Master's degree","Manufacturing","Python","Computer Science"
"738","Female",33,"Employed full-time","Master's degree","Academic","Python","Computer Science"
"739","Male",30,"Employed full-time","Doctoral degree","Academic","Python","Mathematics or statistics"
"740","Male",39,"Employed full-time","Master's degree","Other","Python","Computer Science"
"741","Female",28,"Employed full-time","Master's degree","Government","SAS","Mathematics or statistics"
"742","Female",57,"Employed full-time","Master's degree","Government","R","A health science"
"743","Male",39,"Employed full-time","Some college/university study without earning a bachelor's degree","Financial","Python","Computer Science"
"744","Male",33,"Employed full-time","Master's degree","Internet-based","Python","Mathematics or statistics"
"745","Male",41,"Employed full-time","Doctoral degree","Academic","Python","Computer Science"
"746","Male",45,"Employed full-time","Master's degree","Financial","R","Mathematics or statistics"
"747","Male",27,"Employed full-time","Bachelor's degree","Financial","Python","Mathematics or statistics"
"748","Male",28,"Employed full-time","Bachelor's degree","Mix of fields","Python","Mathematics or statistics"
"749","Male",50,"Employed full-time","Doctoral degree","Academic","Python","Computer Science"
"750","Male",35,"Employed full-time","Bachelor's degree","Insurance","R","Mathematics or statistics"
"751","Male",55,"Employed full-time","Doctoral degree","Academic","Python","Mathematics or statistics"
"752","Male",33,"Employed full-time","Bachelor's degree","Other","Python","Computer Science"
"753","Male",30,"Employed full-time","Doctoral degree","Technology","R","Computer Science"
"754","Male",40,"Employed full-time","Bachelor's degree","Insurance","R","Mathematics or statistics"
"755","Female",34,"Employed full-time","Doctoral degree","Government","Python","Mathematics or statistics"
"756","Male",20,"Employed part-time","Some college/university study without earning a bachelor's degree","Financial","Python","Mathematics or statistics"
"757","Male",36,"Employed full-time","Doctoral degree","Mix of fields","Python","Mathematics or statistics"
"758","Male",32,"Employed full-time","Master's degree","Financial","Python","Computer Science"
"759","Male",37,"Employed full-time","Doctoral degree","Academic","Python","Computer Science"
"760","Male",45,"Employed full-time","Master's degree","Financial","R","Computer Science"
"761","Male",30,"Employed full-time","Bachelor's degree","Pharmaceutical","R","Computer Science"
"762","Male",29,"Employed full-time","Master's degree","Other","Python","Computer Science"
"763","Male",45,"Employed full-time","Doctoral degree","Government","Python","Computer Science"
"764","Male",31,"Employed full-time","Bachelor's degree","Financial","R","Mathematics or statistics"
"765","Male",56,"Employed full-time","Doctoral degree","Academic","Python","Mathematics or statistics"
"766","Male",52,"Employed full-time","Master's degree","Other","Python","Computer Science"
"767","Male",26,"Employed full-time","Master's degree","Technology","Python","Computer Science"
"768","Male",25,"Employed full-time","Master's degree","Technology","Python","Computer Science"
"769","Male",25,"Employed full-time","Bachelor's degree","Technology","Python","Computer Science"
"770","Male",32,"Employed full-time","Bachelor's degree","Other","Python","Mathematics or statistics"
"771","Male",51,"Employed full-time","Bachelor's degree","Pharmaceutical","R","Mathematics or statistics"
"772","Female",61,"Employed full-time","Doctoral degree","Academic","R","Mathematics or statistics"
"773","Male",37,"Employed full-time","Bachelor's degree","Government","Python","Mathematics or statistics"
"774","Male",26,"Employed full-time","Bachelor's degree","Internet-based","Python","Mathematics or statistics"
"775","Male",26,"Employed full-time","Master's degree","Technology","Python","Computer Science"
"776","Male",25,"Employed full-time","Master's degree","Technology","Python","Computer Science"
"777","Female",52,"Employed full-time","Doctoral degree","Government","R","Mathematics or statistics"
"778","Female",37,"Employed full-time","Master's degree","CRM/Marketing","Python","Computer Science"
"779","Male",38,"Employed full-time","Master's degree","Mix of fields","Python","Computer Science"
"780","Male",36,"Employed full-time","Doctoral degree","Academic","Python","Mathematics or statistics"
"781","Male",47,"Employed part-time","Doctoral degree","Academic","Python","Computer Science"
"782","Male",54,"Employed full-time","Master's degree","Other","R","Computer Science"
"783","Female",37,"Employed full-time","Master's degree","Technology","R","Computer Science"
"784","Male",28,"Employed full-time","Master's degree","Academic","R","Mathematics or statistics"
"785","Female",29,"Employed full-time","Master's degree","Mix of fields","Python","Mathematics or statistics"
"786","Male",38,"Employed full-time","Master's degree","Mix of fields","Python","Computer Science"
"787","Male",34,"Employed full-time","Doctoral degree","Other","Python","Computer Science"
"788","Male",38,"Employed full-time","Master's degree","Telecommunications","Python","Computer Science"
"789","Male",41,"Employed full-time","Doctoral degree","Academic","R","Mathematics or statistics"
"790","Male",39,"Employed full-time","Bachelor's degree","Financial","R","Mathematics or statistics"
"791","Male",30,"Employed full-time","Doctoral degree","Mix of fields","Python","Mathematics or statistics"
"792","Male",31,"Employed full-time","Bachelor's degree","Pharmaceutical","R","Computer Science"
"793","Male",36,"Employed full-time","Bachelor's degree","Mix of fields","R","Mathematics or statistics"
"794","Male",30,"Employed full-time","Master's degree","Financial","Python","Computer Science"
"795","Male",40,"Employed full-time","Master's degree","Academic","Python","Computer Science"
"796","Male",23,"Employed full-time","Bachelor's degree","Other","R","Mathematics or statistics"
"797","Male",23,"Employed full-time","Bachelor's degree","Mix of fields","Python","Computer Science"
"798","Male",36,"Employed full-time","Bachelor's degree","Technology","Python","Computer Science"
"799","Male",33,"Employed full-time","Master's degree","Academic","Python","Computer Science"
"800","Female",38,"Employed full-time","Doctoral degree","Academic","R","Computer Science"
"801","Male",33,"Employed full-time","Master's degree","Technology","Python","Mathematics or statistics"
"802","Male",23,"Employed full-time","Bachelor's degree","Manufacturing","Python","Mathematics or statistics"
"803","Male",27,"Employed full-time","Master's degree","Military/Security","Python","Computer Science"
"804","Male",30,"Employed full-time","Doctoral degree","Internet-based","Python","Computer Science"
"805","Male",51,"Employed full-time","Doctoral degree","Academic","Python","Mathematics or statistics"
"806","Male",27,"Employed full-time","Master's degree","Financial","Python","Mathematics or statistics"
"807","Male",25,"Employed full-time","Bachelor's degree","Other","Python","Mathematics or statistics"
"808","Male",24,"Employed full-time","Bachelor's degree","CRM/Marketing","Python","Computer Science"
"809","Female",36,"Employed full-time","Master's degree","Financial","Python","Mathematics or statistics"
"810","Male",23,"Employed part-time","Bachelor's degree","Technology","Python","Computer Science"
"811","Male",41,"Employed full-time","Master's degree","CRM/Marketing","R","Mathematics or statistics"
"812","Male",28,"Employed full-time","Bachelor's degree","CRM/Marketing","Python","Mathematics or statistics"
"813","Male",34,"Employed full-time","Master's degree","Financial","R","Mathematics or statistics"
"814","Male",35,"Employed full-time","Doctoral degree","Internet-based","Python","Computer Science"
"815","Male",23,"Employed full-time","Bachelor's degree","Government","Python","Computer Science"
"816","Male",33,"Employed full-time","Doctoral degree","Technology","Python","Computer Science"
"817","Male",51,"Employed full-time","Master's degree","Manufacturing","SAS","Computer Science"
"818","Female",25,"Employed full-time","Master's degree","Technology","Python","Computer Science"
"819","Male",54,"Employed full-time","Master's degree","Mix of fields","Python","Computer Science"
"820","Male",34,"Employed full-time","Doctoral degree","Academic","Python","Computer Science"
"821","Male",43,"Employed full-time","Bachelor's degree","Technology","Python","Computer Science"
"822","Male",33,"Employed full-time","Master's degree","Technology","Python","Computer Science"
"823","Male",36,"Employed full-time","Master's degree","Financial","R","Computer Science"
"824","Male",22,"Employed part-time","Bachelor's degree","Academic","Python","Computer Science"
"825","Male",25,"Employed full-time","Bachelor's degree","Government","R","Mathematics or statistics"
"826","Male",29,"Employed full-time","Master's degree","Technology","Python","Computer Science"
"827","Male",42,"Employed full-time","Some college/university study without earning a bachelor's degree","Technology","R","Computer Science"
"828","Male",62,"Employed full-time","Doctoral degree","Academic","Python","Mathematics or statistics"
"829","Male",39,"Employed full-time","Doctoral degree","Academic","Python","Computer Science"
"830","Male",28,"Employed full-time","Master's degree","Internet-based","Python","Computer Science"
"831","Male",28,"Employed full-time","Bachelor's degree","CRM/Marketing","Python","Computer Science"
"832","Male",45,"Employed full-time","Master's degree","Technology","Python","Computer Science"
"833","Male",26,"Employed full-time","Master's degree","Financial","Python","Computer Science"
"834","Male",49,"Employed full-time","Master's degree","Other","Python","Computer Science"
"835","Male",34,"Employed full-time","Doctoral degree","Academic","Python","Computer Science"
"836","A different identity",30,"Employed part-time","Master's degree","Academic","Matlab","Computer Science"
"837","Male",26,"Employed full-time","Master's degree","Manufacturing","Python","Computer Science"
"838","Female",23,"Employed full-time","Bachelor's degree","Technology","R","Computer Science"
"839","Male",30,"Employed full-time","Bachelor's degree","Manufacturing","Python","Computer Science"
"840","Female",32,"Employed full-time","Master's degree","Technology","Python","Mathematics or statistics"
"841","Male",56,"Employed full-time","Master's degree","Pharmaceutical","Python","Mathematics or statistics"
"842","Female",37,"Employed full-time","Doctoral degree","Academic","Python","Mathematics or statistics"
"843","Male",24,"Employed full-time","Bachelor's degree","Other","Python","Mathematics or statistics"
"844","Female",42,"Employed full-time","Master's degree","Academic","R","Computer Science"
"845","Male",26,"Employed full-time","Bachelor's degree","Financial","Python","Computer Science"
"846","Male",37,"Employed full-time","Master's degree","Financial","Python","Mathematics or statistics"
"847","Male",27,"Employed full-time","Master's degree","Academic","Python","Mathematics or statistics"
"848","Male",41,"Employed full-time","Master's degree","Mix of fields","Python","Computer Science"
"849","Male",36,"Employed full-time","Master's degree","Academic","R","Mathematics or statistics"
"850","Male",26,"Employed part-time","Master's degree","Government","R","Computer Science"
"851","Male",22,"Employed full-time","Bachelor's degree","Technology","Python","Computer Science"
"852","Male",36,"Employed full-time","Doctoral degree","Academic","Python","Computer Science"
"853","Male",52,"Employed full-time","Doctoral degree","Academic","Python","Mathematics or statistics"
"854","Male",32,"Employed full-time","Master's degree","Government","R","Mathematics or statistics"
"855","Male",33,"Employed full-time","Doctoral degree","Other","Python","Computer Science"
"856","Male",31,"Employed full-time","Master's degree","Technology","Python","Computer Science"
"857","Female",52,"Employed full-time","Doctoral degree","Academic","R","Computer Science"
"858","Male",23,"Employed full-time","Master's degree","Insurance","Python","Mathematics or statistics"
"859","Male",31,"Employed full-time","Master's degree","Telecommunications","R","Mathematics or statistics"
"860","Female",34,"Employed full-time","Doctoral degree","Academic","R","Mathematics or statistics"
"861","Male",24,"Employed part-time","Bachelor's degree","Hospitality/Entertainment/Sports","Python","Computer Science"
"862","Male",32,"Employed full-time","Master's degree","Financial","R","Mathematics or statistics"
"863","Male",36,"Employed full-time","Bachelor's degree","Telecommunications","Python","Mathematics or statistics"
"864","Female",34,"Employed full-time","Master's degree","Academic","R","Computer Science"
"865","Male",50,"Employed full-time","Master's degree","Retail","Python","Computer Science"
"866","Male",28,"Employed full-time","Bachelor's degree","Technology","Matlab","Mathematics or statistics"
"867","Male",21,"Employed full-time","Bachelor's degree","Insurance","Python","Computer Science"
"868","Male",30,"Employed full-time","Bachelor's degree","Financial","Python","Mathematics or statistics"
"869","Male",42,"Employed full-time","Master's degree","Mix of fields","Python","Computer Science"
"870","Male",37,"Employed full-time","Master's degree","Manufacturing","Python","Computer Science"
"871","Female",23,"Employed full-time","Master's degree","Hospitality/Entertainment/Sports","Python","Mathematics or statistics"
"872","Male",32,"Employed full-time","Master's degree","Retail","R","Mathematics or statistics"
"873","Male",39,"Employed full-time","Master's degree","Other","Python","Computer Science"
"874","Male",35,"Employed full-time","Doctoral degree","Financial","Python","Mathematics or statistics"
"875","Male",39,"Employed full-time","Master's degree","Government","Python","Computer Science"
"876","Male",57,"Employed full-time","Bachelor's degree","Mix of fields","R","Computer Science"
"877","Male",46,"Employed full-time","Doctoral degree","Academic","R","Computer Science"
"878","Male",33,"Employed full-time","Bachelor's degree","Mix of fields","Python","Computer Science"
"879","Male",33,"Employed full-time","Doctoral degree","Academic","Python","Mathematics or statistics"
"880","Male",30,"Employed full-time","Doctoral degree","Academic","Python","Mathematics or statistics"
"881","Male",38,"Employed full-time","Master's degree","Internet-based","R","Mathematics or statistics"
"882","Male",34,"Employed full-time","Master's degree","Manufacturing","Python","Computer Science"
"883","Male",45,"Employed full-time","Master's degree","Retail","Python","Mathematics or statistics"
"884","Male",34,"Employed full-time","Doctoral degree","Technology","Python","Computer Science"
"885","Male",31,"Employed full-time","Doctoral degree","Academic","Python","Computer Science"
"886","Male",33,"Employed full-time","Master's degree","Financial","Python","Mathematics or statistics"
"887","Male",34,"Employed full-time","Doctoral degree","Military/Security","Matlab","Computer Science"
"888","Male",29,"Employed full-time","Master's degree","Other","Python","Computer Science"
"889","Female",34,"Employed full-time","Doctoral degree","Financial","Python","Mathematics or statistics"
"890","Male",43,"Employed full-time","Bachelor's degree","Other","Python","Computer Science"
"891","A different identity",68,"Employed full-time","Doctoral degree","Financial","Python","Mathematics or statistics"
"892","Male",30,"Employed full-time","Bachelor's degree","Academic","Python","Mathematics or statistics"
"893","Male",40,"Employed full-time","Doctoral degree","Academic","Python","Computer Science"
"894","Female",24,"Employed full-time","Bachelor's degree","Manufacturing","Python","Computer Science"
"895","Male",34,"Employed full-time","Doctoral degree","Academic","R","Mathematics or statistics"
"896","Male",24,"Employed full-time","Doctoral degree","Academic","Python","Mathematics or statistics"
"897","Male",29,"Employed full-time","Master's degree","Other","R","Computer Science"
"898","Male",35,"Employed full-time","Master's degree","Technology","R","Mathematics or statistics"
"899","Male",30,"Employed full-time","Master's degree","Financial","Python","Mathematics or statistics"
"900","Male",21,"Employed full-time","Bachelor's degree","Technology","Python","Computer Science"
"901","Male",28,"Employed full-time","Master's degree","Financial","Python","Mathematics or statistics"
"902","Male",34,"Employed full-time","Bachelor's degree","Other","Python","Computer Science"
"903","Male",21,"Employed part-time","Bachelor's degree","Technology","Python","Computer Science"
"904","Male",34,"Employed full-time","Master's degree","Mix of fields","Python","Computer Science"
"905","Male",44,"Employed full-time","Doctoral degree","Financial","Python","Mathematics or statistics"
"906","Female",29,"Employed full-time","Master's degree","Insurance","Python","Computer Science"
"907","Male",24,"Employed full-time","Master's degree","Internet-based","Python","Mathematics or statistics"
"908","Male",29,"Employed full-time","Bachelor's degree","Retail","R","Mathematics or statistics"
"909","Female",32,"Employed full-time","Bachelor's degree","Government","R","Mathematics or statistics"
"910","Male",24,"Employed full-time","Bachelor's degree","Technology","Python","Mathematics or statistics"
"911","Male",26,"Employed full-time","Bachelor's degree","Technology","R","Computer Science"
"912","Male",34,"Employed full-time","Doctoral degree","Insurance","R","Mathematics or statistics"
"913","Female",29,"Employed full-time","Doctoral degree","Academic","Python","Mathematics or statistics"
"914","Male",24,"Employed full-time","Bachelor's degree","Technology","Python","Mathematics or statistics"
"915","Male",35,"Employed full-time","Bachelor's degree","Insurance","Python","Computer Science"
"916","Male",29,"Employed full-time","Master's degree","Technology","Python","Computer Science"
"917","Male",38,"Employed full-time","Bachelor's degree","Manufacturing","Python","Computer Science"
"918","Male",26,"Employed full-time","Bachelor's degree","Government","Python","Mathematics or statistics"
"919","Male",29,"Employed full-time","Master's degree","Mix of fields","Python","Mathematics or statistics"
"920","Male",40,"Employed full-time","Master's degree","Manufacturing","Python","Computer Science"
"921","Male",42,"Employed full-time","Master's degree","Pharmaceutical","Python","Mathematics or statistics"
"922","Male",47,"Employed full-time","Bachelor's degree","Insurance","R","Mathematics or statistics"
"923","Male",24,"Employed full-time","Master's degree","Pharmaceutical","R","Mathematics or statistics"
"924","Male",39,"Employed full-time","Master's degree","Government","R","Computer Science"
"925","Male",29,"Employed full-time","Master's degree","Academic","R","Mathematics or statistics"
"926","Male",30,"Employed full-time","Master's degree","Other","Python","Mathematics or statistics"
"927","Male",47,"Employed full-time","Bachelor's degree","Hospitality/Entertainment/Sports","Python","Computer Science"
"928","Male",31,"Employed full-time","Master's degree","Government","R","A health science"
"929","Male",21,"Employed part-time","Some college/university study without earning a bachelor's degree","Mix of fields","Python","Computer Science"
"930","Male",26,"Employed part-time","Master's degree","Academic","Python","Computer Science"
"931","Male",32,"Employed part-time","Bachelor's degree","Retail","Python","Computer Science"
"932","Male",34,"Employed full-time","Bachelor's degree","Telecommunications","Python","Computer Science"
